Rank,Name,SpecScore,rating,price,tag,sim,processor,storage,battery,display,camera,memoryExternal,version,fm,RAM_GB,Storage_GB,Battery_mAh,Screen_inches,FrontCamera_MP,BackCamera_MP,Processor_Speed_GHz,Processor_Name,Processor_Name_Cleaned,ProcessorScore,img,Closest_Launched,Launched_SpecScore,ScoreDifference
1,Ulefone Armor 34 Pro,88,4.4,34990,UPCOMING,"Dual Sim, 3G, 4G, 5G, VoLTE, Wi-Fi, NFC, IR Blaster","Dimensity 7300, Octa Core, 2.5 GHz Processor","12 GB RAM, 512 GB inbuilt",25500 mAh Battery with 66W Fast Charging,"6.95 inches, 1080 x 2460 px, 144 Hz Display with Punch Hole",64 MP + 50 MP + 50 MP Triple Rear & 32 MP Front Camera,Memory Card Supported,Android v15,,12.0,512.0,25500.0,6.95,32.0,164.0,2.5,Dimensity 7300,Dimensity 7300,0.883,https://cdn1.smartprix.com/rx-ivnsE1Cre-w280-h280/ulefone-armor-34-pro.webp,Motorola Edge 60 Pro (16GB RAM + 512GB),88,0
2,Doogee V40 Pro,86,4.75,41990,UPCOMING,"Dual Sim, 3G, 4G, 5G, VoLTE, Wi-Fi, NFC","Dimensity 7300, Octa Core, 2.5 GHz Processor","16 GB RAM, 512 GB inbuilt",8680 mAh Battery with 33W Fast Charging,"6.78 inches, 1080 x 2460 px, 120 Hz Display with Punch Hole",200 MP Quad Rear & 32 MP Front Camera,Memory Card Supported,,,16.0,512.0,8680.0,6.78,32.0,200.0,2.5,Dimensity 7300,Dimensity 7300,0.883,https://cdn1.smartprix.com/rx-iBu7A32LJ-w280-h280/doogee-v40-pro.webp,Realme GT 7 Dream Edition,87,1
3,Motorola Edge 60 Ultra,81,4.15,69990,UPCOMING,"Dual Sim, 3G, 4G, 5G, VoLTE, Vo5G, Wi-Fi, NFC","Snapdragon 8 Elite, Octa Core, 4.32 GHz Processor","12 GB RAM, 512 GB inbuilt",4600 mAh Battery with 150W Fast Charging,"6.82 inches, 1200 x 2780 px, 165 Hz Display with Punch Hole",200 MP + 50 MP + 50 MP Triple Rear & 60 MP Front Camera,,Android v15,No FM Radio,12.0,512.0,4600.0,6.82,60.0,300.0,4.32,Snapdragon 8 Elite,Snapdragon 8 Elite,0.266,https://cdn1.smartprix.com/rx-iChh8h2Bv-w280-h280/motorola-edge-60-ult.webp,Motorola Edge 60 Pro (12GB RAM + 256GB),81,0
4,Doogee S200 Plus,81,4.05,24990,UPCOMING,"Dual Sim, 3G, 4G, 5G, VoLTE, Wi-Fi, NFC","Dimensity 7300, Octa Core, 2.5 GHz Processor","12 GB RAM, 512 GB inbuilt",10100 mAh Battery with 33W Fast Charging,"6.72 inches, 1080 x 2400 px, 120 Hz Display with Punch Hole",100 MP + 20 MP + 2 MP Triple Rear & 32 MP Front Camera,Memory Card Supported,,,12.0,512.0,10100.0,6.72,32.0,122.0,2.5,Dimensity 7300,Dimensity 7300,0.883,https://cdn1.smartprix.com/rx-id7z2Wpuc-w280-h280/doogee-s200-plus.webp,Motorola Edge 60 Pro (12GB RAM + 256GB),81,0
5,OPPO Reno 14 Pro 5G (12GB RAM + 512GB),81,4.65,44990,UPCOMING,"Dual Sim, 3G, 4G, 5G, VoLTE, Wi-Fi, NFC, IR Blaster","Dimensity 8450, Octa Core, 3.25 GHz Processor","12 GB RAM, 512 GB inbuilt",6200 mAh Battery with 80W Fast Charging,"6.83 inches, 1272 x 2800 px, 120 Hz Display with Punch Hole",50 MP + 50 MP + 50 MP Triple Rear & 50 MP Front Camera,,Android v15,No FM Radio,12.0,512.0,6200.0,6.83,50.0,150.0,3.25,Dimensity 8450,Dimensity 8450,0.7766,https://cdn1.smartprix.com/rx-is822PXo3-w280-h280/oppo-reno-14-pro-5g.webp,Motorola Edge 60 Pro (12GB RAM + 256GB),81,0
6,Xiaomi 16 Ultra,80,4.0,119990,UPCOMING,"Dual Sim, 3G, 4G, 5G, VoLTE, Vo5G, Wi-Fi, NFC, IR Blaster","Snapdragon 8 Elite 2, Octa Core Processor","16 GB RAM, 512 GB inbuilt",6000 mAh Battery with 120W Fast Charging,"6.85 inches, 1440 x 3200 px, 120 Hz Display with Punch Hole",200 MP Quad Rear & 32 MP Front Camera,,Android v16,No FM Radio,16.0,512.0,6000.0,6.85,32.0,200.0,,Snapdragon 8 Elite 2,Snapdragon 8 Elite 2,0.2553,https://cdn1.smartprix.com/rx-isZjQFrWQ-w280-h280/xiaomi-16-ultra.webp,Realme GT 7T (12GB RAM + 256GB),80,0
7,Realme GT 8 Pro,79,4.35,59990,UPCOMING,"Dual Sim, 3G, 4G, 5G, VoLTE, Wi-Fi, NFC, IR Blaster","Snapdragon 8 Elite 2, Octa Core Processor","12 GB RAM, 512 GB inbuilt",7500 mAh Battery with 320W Fast Charging,"6.82 inches, 1864 x 3820 px, 144 Hz Display with Punch Hole",200 MP Quad Rear & 50 MP Front Camera,Memory Card Not Supported,Android v15,,12.0,512.0,7500.0,6.82,50.0,200.0,,Snapdragon 8 Elite 2,Snapdragon 8 Elite 2,0.2553,https://cdn1.smartprix.com/rx-iDECjp7yU-w280-h280/realme-gt-8-pro.webp,Honor 200 (12GB RAM + 512GB),79,0
8,Huawei Pura 80 Ultra,79,4.3,118990,UPCOMING,"Dual Sim, 3G, 4G, 5G, VoLTE, Wi-Fi, NFC, IR Blaster","Kirin 9020, Octa Core Processor","16 GB RAM, 512 GB inbuilt",5700 mAh Battery with 100W Fast Charging,"6.8 inches, 1276 x 2848 px, 120 Hz Display with Punch Hole",50 MP + 50 MP + 40 MP Triple Rear & 13 MP Front Camera,,HarmonyOS v5.1,No FM Radio,16.0,512.0,5700.0,6.8,13.0,140.0,,Kirin 9020,Kirin 9020,0.5213,https://cdn1.smartprix.com/rx-iBQfrBtjC-w280-h280/huawei-pura-80-ultra.webp,Honor 200 (12GB RAM + 512GB),79,0
9,Tecno Camon 40 Premier,78,4.65,39990,UPCOMING,"Dual Sim, 3G, 4G, 5G, VoLTE, Wi-Fi, NFC, IR Blaster","Dimensity 8350, Octa Core, 3.35 GHz Processor","12 GB RAM, 256 GB inbuilt",5100 mAh Battery with 70W Fast Charging,"6.67 inches, 1260 x 2800 px, 120 Hz Display with Punch Hole",50 MP + 50 MP + 50 MP Triple Rear & 50 MP Front Camera,Memory Card Not Supported,Android v15,,12.0,256.0,5100.0,6.67,50.0,150.0,3.35,Dimensity 8350,Dimensity 8350,0.8191,https://cdn1.smartprix.com/rx-i3pkLXgL7-w280-h280/tecno-camon-40-premi.webp,Tecno Pova 6 Pro,78,0
10,Samsung W25,78,4.7,199990,UPCOMING,"Dual Sim, 3G, 4G, 5G, VoLTE, Vo5G, Wi-Fi, NFC","Snapdragon 8 Gen3, Octa Core, 3.3 GHz Processor","16 GB RAM, 512 GB inbuilt",4400 mAh Battery with 25W Fast Charging,"8 inches, 1968 x 2184 px, 120 Hz Display with Punch Hole",200 MP + 12 MP + 10 MP Triple Rear & 10 MP + 4 MP Dual Front Camera,Memory Card Not Supported,,,16.0,512.0,4400.0,8.0,10.0,222.0,3.3,Snapdragon 8 Gen3,Snapdragon 8 Gen3,0.2234,https://cdn1.smartprix.com/rx-iItntdPNN-w280-h280/samsung-w25.webp,Tecno Pova 6 Pro,78,0
11,Vivo X200 Ultra,78,4.55,76990,UPCOMING,"Dual Sim, 3G, 4G, 5G, VoLTE, Wi-Fi, NFC, IR Blaster","Snapdragon 8 Elite, Octa Core, 4.32 GHz Processor","12 GB RAM, 256 GB inbuilt",6000 mAh Battery with 90W Fast Charging,"6.82 inches, 1440 x 3168 px, 120 Hz Display with Punch Hole",200 MP + 50 MP + 50 MP Triple Rear & 50 MP Front Camera,,Android v15,No FM Radio,12.0,256.0,6000.0,6.82,50.0,300.0,4.32,Snapdragon 8 Elite,Snapdragon 8 Elite,0.266,https://cdn1.smartprix.com/rx-iWbhiyPHn-w280-h280/vivo-x200-ultra.webp,Tecno Pova 6 Pro,78,0
12,OPPO Reno 14 Pro 5G,78,4.65,41990,UPCOMING,"Dual Sim, 3G, 4G, 5G, VoLTE, Wi-Fi, NFC, IR Blaster","Dimensity 8450, Octa Core, 3.25 GHz Processor","12 GB RAM, 256 GB inbuilt",6200 mAh Battery with 80W Fast Charging,"6.83 inches, 1272 x 2800 px, 120 Hz Display with Punch Hole",50 MP + 50 MP + 50 MP Triple Rear & 50 MP Front Camera,,Android v15,No FM Radio,12.0,256.0,6200.0,6.83,50.0,150.0,3.25,Dimensity 8450,Dimensity 8450,0.7766,https://cdn1.smartprix.com/rx-is822PXo3-w280-h280/oppo-reno-14-pro-5g.webp,Tecno Pova 6 Pro,78,0
13,Vivo V31 Pro 5G,78,4.3,42990,UPCOMING,"Dual Sim, 3G, 4G, 5G, VoLTE, Wi-Fi","Dimensity 9300, Octa Core, 3.25 GHz Processor","12 GB RAM, 256 GB inbuilt",5000 mAh Battery with 100W Fast Charging,"6.8 inches, 1260 x 2800 px, 120 Hz Display with Punch Hole",64 MP + 50 MP + 50 MP Triple Rear & 50 MP Front Camera,Memory Card Not Supported,Android v14,,12.0,256.0,5000.0,6.8,50.0,164.0,3.25,Dimensity 9300,Dimensity 9300,0.7553,https://cdn1.smartprix.com/rx-iUsZfhSOR-w280-h280/vivo-v31-pro-5g.webp,Tecno Pova 6 Pro,78,0
14,Honor Magic 7 Pro,78,4.2,66990,UPCOMING,"Dual Sim, 3G, 4G, 5G, VoLTE, Wi-Fi, NFC, IR Blaster","Snapdragon 8 Elite, Octa Core, 4.32 GHz Processor","12 GB RAM, 256 GB inbuilt",5850 mAh Battery with 100W Fast Charging,"6.8 inches, 1280 x 2800 px, 120 Hz Display with Punch Hole",200 MP + 50 MP + 50 MP Triple Rear & 50 MP Front Camera,,Android v15,No FM Radio,12.0,256.0,5850.0,6.8,50.0,300.0,4.32,Snapdragon 8 Elite,Snapdragon 8 Elite,0.266,https://cdn1.smartprix.com/rx-ivHWAwtYe-w280-h280/honor-magic-7-pro.webp,Tecno Pova 6 Pro,78,0
15,Vivo S30 Pro,78,4.65,44990,UPCOMING,"Dual Sim, 3G, 4G, 5G, VoLTE, Wi-Fi, NFC, IR Blaster","Dimensity 9400 Plus, Octa Core Processor","12 GB RAM, 256 GB inbuilt",6000 mAh Battery with 100W Fast Charging,"6.67 inches, 1260 x 2800 px, 120 Hz Display with Punch Hole",50 MP + 50 MP + 50 MP Triple Rear & 50 MP Front Camera,,Android v15,No FM Radio,12.0,256.0,6000.0,6.67,50.0,150.0,,Dimensity 9400 Plus,Dimensity 9400 Plus,0.7234,https://cdn1.smartprix.com/rx-iL3KEZP0m-w280-h280/vivo-s30-pro.webp,Tecno Pova 6 Pro,78,0
16,Xiaomi Redmi Note 15 Pro Plus,78,4.65,35990,UPCOMING,"Dual Sim, 3G, 4G, 5G, VoLTE, Wi-Fi, IR Blaster","Dimensity 8020, Octa Core Processor","8 GB RAM, 256 GB inbuilt",5000 mAh Battery with 240W Fast Charging,"6.78 inches, 1080 x 2400 px, 165 Hz Display with Punch Hole",200 MP + 13 MP + 2 MP Triple Rear & 60 MP Front Camera,Memory Card Not Supported,Android v15,,8.0,256.0,5000.0,6.78,60.0,215.0,,Dimensity 8020,Dimensity 8020,0.8511,https://cdn1.smartprix.com/rx-iX2vw0p84-w280-h280/xiaomi-redmi-note-15.webp,Tecno Pova 6 Pro,78,0
17,Vivo S20 Pro,78,4.3,40990,UPCOMING,"Dual Sim, 3G, 4G, 5G, VoLTE, Wi-Fi, NFC, IR Blaster","Dimensity 9300 Plus, Octa Core, 3.25 GHz Processor","12 GB RAM, 256 GB inbuilt",5500 mAh Battery with 90W Fast Charging,"6.67 inches, 1260 x 2800 px, 120 Hz Display with Punch Hole",50 MP + 50 MP + 50 MP Triple Rear & 50 MP Front Camera,,Android v15,No FM Radio,12.0,256.0,5500.0,6.67,50.0,150.0,3.25,Dimensity 9300 Plus,Dimensity 9300 Plus,0.7447,https://cdn1.smartprix.com/rx-iL3KEZP0m-w280-h280/vivo-s20-pro.webp,Tecno Pova 6 Pro,78,0
18,Honor 400,77,4.65,47990,UPCOMING,"Dual Sim, 3G, 4G, 5G, VoLTE, Wi-Fi, NFC, IR Blaster","Snapdragon 7 Gen3, Octa Core, 2.63 GHz Processor","12 GB RAM, 256 GB inbuilt",6000 mAh Battery with 80W Fast Charging,"6.55 inches, 1264 x 2736 px, 120 Hz Display with Punch Hole",200 MP + 12 MP Dual Rear & 50 MP Front Camera,,Android v15,No FM Radio,12.0,256.0,6000.0,6.55,50.0,212.0,2.63,Snapdragon 7 Gen3,Snapdragon 7 Gen3,0.3511,https://cdn1.smartprix.com/rx-iBOodHyEi-w280-h280/honor-400.webp,Google Pixel 9 Pro,77,0
19,Asus ROG Phone 9 Pro,77,4.4,101990,UPCOMING,"Dual Sim, 3G, 4G, 5G, VoLTE, Wi-Fi, NFC","Snapdragon 8 Elite, Octa Core, 4.32 GHz Processor","16 GB RAM, 512 GB inbuilt",5800 mAh Battery with 65W Fast Charging,"6.78 inches, 1080 x 2400 px, 185 Hz Display with Punch Hole",50 MP + 32 MP + 13 MP Triple Rear & 32 MP Front Camera,,Android v15,No FM Radio,16.0,512.0,5800.0,6.78,32.0,95.0,4.32,Snapdragon 8 Elite,Snapdragon 8 Elite,0.266,https://cdn1.smartprix.com/rx-ifM3triH1-w280-h280/asus-rog-phone-9-pro.webp,Google Pixel 9 Pro,77,0
20,Nubia Red Magic 10s Pro Plus 5G,77,4.35,70999,UPCOMING,"Dual Sim, 3G, 4G, 5G, VoLTE, Wi-Fi, NFC, IR Blaster","Snapdragon 8 Elite, Octa Core, 4.32 GHz Processor","16 GB RAM, 512 GB inbuilt",7500 mAh Battery with 120W Fast Charging,"6.85 inches, 1216 x 2688 px, 144 Hz Display",50 MP + 50 MP + 2 MP Triple Rear & 16 MP Front Camera,,Android v15,No FM Radio,16.0,512.0,7500.0,6.85,16.0,102.0,4.32,Snapdragon 8 Elite,Snapdragon 8 Elite,0.266,https://cdn1.smartprix.com/rx-i2O1j3Tnh-w280-h280/nubia-red-magic-10s.webp,Google Pixel 9 Pro,77,0
21,Nubia Red Magic 10 Pro Plus 5G,77,4.0,69990,UPCOMING,"Dual Sim, 3G, 4G, 5G, VoLTE, Wi-Fi, NFC, IR Blaster","Snapdragon 8 Elite, Octa Core, 4.32 GHz Processor","16 GB RAM, 512 GB inbuilt",7050 mAh Battery with 120W Fast Charging,"6.85 inches, 1216 x 2688 px, 144 Hz Display",50 MP + 50 MP + 2 MP Triple Rear & 16 MP Front Camera,,Android v15,No FM Radio,16.0,512.0,7050.0,6.85,16.0,102.0,4.32,Snapdragon 8 Elite,Snapdragon 8 Elite,0.266,https://cdn1.smartprix.com/rx-i6fPrwDXF-w280-h280/nubia-red-magic-10-p.webp,Google Pixel 9 Pro,77,0
22,Oscal Pilot 3,77,4.65,17990,UPCOMING,"Dual Sim, 3G, 4G, 5G, VoLTE, Wi-Fi, NFC","Dimensity 6300, Octa Core, 2.4 GHz Processor","12 GB RAM, 256 GB inbuilt",7500 mAh Battery with 33W Fast Charging,"6.78 inches, 1080 x 2460 px, 120 Hz Display with Punch Hole",50 MP + 20 MP + 2 MP Triple Rear & 32 MP Front Camera,Memory Card Supported,Android v15,,12.0,256.0,7500.0,6.78,32.0,72.0,2.4,Dimensity 6300,Dimensity 6300,0.9468,https://cdn1.smartprix.com/rx-iZR3XgSbc-w280-h280/oscal-pilot-3.webp,Google Pixel 9 Pro,77,0
23,OPPO Reno 14 5G (12GB RAM + 256GB),77,4.25,34999,UPCOMING,"Dual Sim, 3G, 4G, 5G, VoLTE, Wi-Fi, NFC, IR Blaster","Dimensity 8350, Octa Core, 3.35 GHz Processor","12 GB RAM, 256 GB inbuilt",6000 mAh Battery with 80W Fast Charging,"6.59 inches, 1256 x 2760 px, 120 Hz Display with Punch Hole",50 MP + 50 MP + 8 MP Triple Rear & 50 MP Front Camera,,Android v15,No FM Radio,12.0,256.0,6000.0,6.59,50.0,108.0,3.35,Dimensity 8350,Dimensity 8350,0.8191,https://cdn1.smartprix.com/rx-ifV8wGpja-w280-h280/oppo-reno-14-5g-12gb.webp,Google Pixel 9 Pro,77,0
24,Vivo S30 Pro Mini,77,4.65,40990,UPCOMING,"Dual Sim, 3G, 4G, 5G, VoLTE, Vo5G, Wi-Fi, NFC, IR Blaster","Dimensity 9300 Plus, Octa Core, 3.4 GHz Processor","12 GB RAM, 256 GB inbuilt",6500 mAh Battery with 90W Fast Charging,"6.31 inches, 1216 x 2640 px, 120 Hz Display with Punch Hole",50 MP + 50 MP + 8 MP Triple Rear & 50 MP Front Camera,Memory Card Not Supported,Android v15,,12.0,256.0,6500.0,6.31,50.0,108.0,3.4,Dimensity 9300 Plus,Dimensity 9300 Plus,0.7447,https://cdn1.smartprix.com/rx-ihxl2mWnr-w280-h280/vivo-s30-pro-mini.webp,Google Pixel 9 Pro,77,0
25,Vivo X200 FE,77,4.65,49990,UPCOMING,"Dual Sim, 3G, 4G, 5G, VoLTE, Wi-Fi, NFC, IR Blaster","Dimensity 9300 Plus, Octa Core, 3.25 GHz Processor","12 GB RAM, 256 GB inbuilt",6500 mAh Battery with 90W Fast Charging,"6.31 inches, 1216 x 2640 px, 120 Hz Display with Punch Hole",50 MP + 50 MP + 8 MP Triple Rear & 50 MP Front Camera,Memory Card Not Supported,Android v15,,12.0,256.0,6500.0,6.31,50.0,108.0,3.25,Dimensity 9300 Plus,Dimensity 9300 Plus,0.7447,https://cdn1.smartprix.com/rx-iHI7IaQgQ-w280-h280/vivo-x200-fe.webp,Google Pixel 9 Pro,77,0
26,Honor 400 Pro,77,4.65,64990,UPCOMING,"Dual Sim, 3G, 4G, 5G, VoLTE, Wi-Fi, NFC, IR Blaster","Snapdragon 8 Gen3, Octa Core, 3.3 GHz Processor","12 GB RAM, 256 GB inbuilt",6000 mAh Battery with 100W Fast Charging,"6.7 inches, 1280 x 2800 px, 120 Hz Display with Punch Hole",200 MP + 50 MP + 12 MP Triple Rear & 50 MP + 2 MP Dual Front Camera,,Android v15,No FM Radio,12.0,256.0,6000.0,6.7,50.0,262.0,3.3,Snapdragon 8 Gen3,Snapdragon 8 Gen3,0.2234,https://cdn1.smartprix.com/rx-ixMg6kAcQ-w280-h280/honor-400-pro.webp,Google Pixel 9 Pro,77,0
27,Energizer P28K,77,4.1,22990,UPCOMING,"Dual Sim, 3G, 4G, Wi-Fi, NFC","Helio G99, Octa Core, 2.2 GHz Processor","8 GB RAM, 256 GB inbuilt",28000 mAh Battery with 33W Fast Charging,"6.78 inches, 1080 x 2460 px Display with Punch Hole",60 MP + 20 MP + 2 MP Triple Rear & 16 MP Front Camera,Memory Card Supported,Android v14,,8.0,256.0,28000.0,6.78,16.0,82.0,2.2,Helio G99,Helio G99,0.5851,https://cdn1.smartprix.com/rx-iZm7agXam-w280-h280/energizer-p28k.webp,Google Pixel 9 Pro,77,0
28,Xiaomi 15S Pro,77,4.0,66990,UPCOMING,"Dual Sim, 3G, 4G, 5G, VoLTE, Wi-Fi, NFC, IR Blaster","Xring O1, Deca Core, 3.9 GHz Processor","16 GB RAM, 512 GB inbuilt",6100 mAh Battery with 90W Fast Charging,"6.73 inches, 1440 x 3200 px, 120 Hz Display with Punch Hole",50 MP + 50 MP + 50 MP Triple Rear & 32 MP Front Camera,Memory Card Not Supported,Android v15,,16.0,512.0,6100.0,6.73,32.0,150.0,3.9,Xring O1,Xring O1,0.0106,https://cdn1.smartprix.com/rx-imBALtzP7-w280-h280/xiaomi-15s-pro.webp,Google Pixel 9 Pro,77,0
29,Oppo Find X9 Ultra,76,4.0,80990,UPCOMING,"Dual Sim, 3G, 4G, 5G, VoLTE, Wi-Fi, NFC, IR Blaster","Snapdragon 8 Elite 2, Octa Core Processor","12 GB RAM, 256 GB inbuilt",6100 mAh Battery with 100W Fast Charging,"6.82 inches, 1440 x 3168 px, 120 Hz Display with Punch Hole",200 MP Quad Rear & 50 MP Front Camera,,Android v15,No FM Radio,12.0,256.0,6100.0,6.82,50.0,200.0,,Snapdragon 8 Elite 2,Snapdragon 8 Elite 2,0.2553,https://cdn1.smartprix.com/rx-iKdub473O-w280-h280/oppo-find-x9-ultra.webp,iQOO Z9s (12GB RAM + 256GB),76,0
30,Realme Neo 7 Turbo (16GB RAM + 256GB),76,4.15,26990,UPCOMING,"Dual Sim, 3G, 4G, 5G, VoLTE, Vo5G, Wi-Fi, NFC, IR Blaster","Dimensity 9400e, Octa Core Processor","16 GB RAM, 256 GB inbuilt",7200 mAh Battery with 100W Fast Charging,"6.8 inches, 1280 x 2800 px, 144 Hz Display with Punch Hole",50 MP + 8 MP Dual Rear & 16 MP Front Camera,,Android v15,No FM Radio,16.0,256.0,7200.0,6.8,16.0,58.0,,Dimensity 9400e,Dimensity 9400e,0.7128,https://cdn1.smartprix.com/rx-iJGMp2hwq-w280-h280/realme-neo-7-turbo-1.webp,iQOO Z9s (12GB RAM + 256GB),76,0
31,Vivo X200S,76,4.15,54990,UPCOMING,"Dual Sim, 3G, 4G, 5G, VoLTE, Wi-Fi, NFC, IR Blaster","Dimensity 9400 Plus, Octa Core, 3.63 GHz Processor","12 GB RAM, 256 GB inbuilt",6200 mAh Battery with 90W Fast Charging,"6.67 inches, 1260 x 2800 px, 120 Hz Display with Punch Hole",50 MP + 50 MP + 50 MP Triple Rear & 32 MP Front Camera,Memory Card Not Supported,Android v15,,12.0,256.0,6200.0,6.67,32.0,150.0,3.63,Dimensity 9400 Plus,Dimensity 9400 Plus,0.7234,https://cdn1.smartprix.com/rx-iEqTvdZb4-w280-h280/vivo-x200s.webp,iQOO Z9s (12GB RAM + 256GB),76,0
32,OPPO Find X8S,76,4.5,49990,UPCOMING,"Dual Sim, 3G, 4G, 5G, VoLTE, Wi-Fi, NFC, IR Blaster","Dimensity 9400 Plus, Octa Core, 3.63 GHz Processor","12 GB RAM, 256 GB inbuilt",5700 mAh Battery with 80W Fast Charging,"6.32 inches, 1216 x 2640 px, 120 Hz Display with Punch Hole",50 MP + 50 MP + 50 MP Triple Rear & 32 MP Front Camera,,Android v15,No FM Radio,12.0,256.0,5700.0,6.32,32.0,150.0,3.63,Dimensity 9400 Plus,Dimensity 9400 Plus,0.7234,https://cdn1.smartprix.com/rx-i458ViUHF-w280-h280/oppo-find-x8s.webp,iQOO Z9s (12GB RAM + 256GB),76,0
33,Poco X7 Pro Iron Man Edition,76,4.35,34990,UPCOMING,"Dual Sim, 3G, 4G, 5G, VoLTE, Wi-Fi, NFC, IR Blaster","Dimensity 8400 Ultra, Octa Core, 3.25 GHz Processor","12 GB RAM, 512 GB inbuilt",6550 mAh Battery with 90W Fast Charging,"6.67 inches, 1220 x 2712 px, 120 Hz Display with Punch Hole",50 MP + 8 MP Dual Rear & 20 MP Front Camera,,Android v15,No FM Radio,12.0,512.0,6550.0,6.67,20.0,58.0,3.25,Dimensity 8400 Ultra,Dimensity 8400 Ultra,0.7872,https://cdn1.smartprix.com/rx-i2mcteR2i-w280-h280/poco-x7-pro-iron-man.webp,iQOO Z9s (12GB RAM + 256GB),76,0
34,Realme Neo 7 Turbo (12GB RAM + 512GB),76,4.0,29990,UPCOMING,"Dual Sim, 3G, 4G, 5G, VoLTE, Vo5G, Wi-Fi, NFC, IR Blaster","Dimensity 9400e, Octa Core Processor","12 GB RAM, 512 GB inbuilt",7200 mAh Battery with 100W Fast Charging,"6.8 inches, 1280 x 2800 px, 144 Hz Display with Punch Hole",50 MP + 8 MP Dual Rear & 16 MP Front Camera,,Android v15,No FM Radio,12.0,512.0,7200.0,6.8,16.0,58.0,,Dimensity 9400e,Dimensity 9400e,0.7128,https://cdn1.smartprix.com/rx-iJGMp2hwq-w280-h280/realme-neo-7-turbo-1.webp,iQOO Z9s (12GB RAM + 256GB),76,0
35,Tecno Pova 7 Pro,76,4.7,23990,UPCOMING,"Dual Sim, 3G, 4G, 5G, VoLTE, Vo5G, Wi-Fi, NFC, IR Blaster","Dimensity 7050, Octa Core, 2.6 GHz Processor","8 GB RAM, 256 GB inbuilt",6000 mAh Battery with 100W Fast Charging,"6.82 inches, 1080 x 2436 px, 144 Hz Display with Punch Hole",200 MP + 8 MP + 0.08 MP Triple Rear & 32 MP Front Camera,"Memory Card Supported, upto 1 TB",Android v14,,8.0,256.0,6000.0,6.82,32.0,216.0,2.6,Dimensity 7050,Dimensity 7050,0.9149,https://cdn1.smartprix.com/rx-iMYuUZ08I-w280-h280/tecno-pova-7-pro.webp,iQOO Z9s (12GB RAM + 256GB),76,0
36,Xiaomi 14T,76,4.25,60990,UPCOMING,"Dual Sim, 3G, 4G, 5G, VoLTE, Wi-Fi, NFC, IR Blaster","Dimensity 8300 Ultra, Octa Core, 3.35 GHz Processor","12 GB RAM, 256 GB inbuilt",5000 mAh Battery with 67W Fast Charging,"6.67 inches, 1220 x 2712 px, 144 Hz Display with Punch Hole",50 MP + 50 MP + 12 MP Triple Rear & 32 MP Front Camera,,Android v14,No FM Radio,12.0,256.0,5000.0,6.67,32.0,112.0,3.35,Dimensity 8300 Ultra,Dimensity 8300 Ultra,0.8298,https://cdn1.smartprix.com/rx-iymtfQC6N-w280-h280/xiaomi-14t.webp,iQOO Z9s (12GB RAM + 256GB),76,0
37,Vivo X200 Pro Mini,76,4.35,55990,UPCOMING,"Dual Sim, 3G, 4G, 5G, VoLTE, Wi-Fi, NFC, IR Blaster","Dimensity 9400, Octa Core, 3.63 GHz Processor","12 GB RAM, 256 GB inbuilt",5700 mAh Battery with 90W Fast Charging,"6.31 inches, 1216 x 2640 px, 120 Hz Display with Punch Hole",50 MP + 50 MP + 50 MP Triple Rear & 32 MP Front Camera,Memory Card Not Supported,Android v15,,12.0,256.0,5700.0,6.31,32.0,150.0,3.63,Dimensity 9400,Dimensity 9400,0.734,https://cdn1.smartprix.com/rx-ieHTKHr1O-w280-h280/vivo-x200-pro-mini.webp,iQOO Z9s (12GB RAM + 256GB),76,0
38,Unihertz Titan 2,76,4.6,34990,UPCOMING,"Dual Sim, 3G, 4G, 5G, VoLTE, Wi-Fi, NFC, IR Blaster","Dimensity 7300, Octa Core, 2.5 GHz Processor","12 GB RAM, 512 GB inbuilt",5050 mAh Battery with 33W Fast Charging,"4.5 inches, 1440 x 1440 px Display",50 MP + 8 MP Dual Rear & 32 MP Front Camera,,Android v15,,12.0,512.0,5050.0,4.5,32.0,58.0,2.5,Dimensity 7300,Dimensity 7300,0.883,https://cdn1.smartprix.com/rx-i00RPn8X2-w280-h280/unihertz-titan-2.webp,iQOO Z9s (12GB RAM + 256GB),76,0
39,Infinix Note 50 Pro Plus 5G,76,4.6,31990,UPCOMING,"Dual Sim, 3G, 4G, 5G, VoLTE, Wi-Fi, NFC, IR Blaster","Dimensity 8350, Octa Core, 3.35 GHz Processor","12 GB RAM, 256 GB inbuilt",5200 mAh Battery with 100W Fast Charging,"6.78 inches, 1080 x 2436 px, 144 Hz Display with Punch Hole",50 MP + 50 MP + 8 MP Triple Rear & 32 MP Front Camera,,Android v15,,12.0,256.0,5200.0,6.78,32.0,108.0,3.35,Dimensity 8350,Dimensity 8350,0.8191,https://cdn1.smartprix.com/rx-ikZrMeRgY-w280-h280/infinix-note-50-pro.webp,iQOO Z9s (12GB RAM + 256GB),76,0
40,Acer Super ZX Pro,76,4.05,17990,UPCOMING,"Dual Sim, 3G, 4G, 5G, VoLTE, Wi-Fi, IR Blaster","Dimensity 7400, Octa Core Processor","12 GB RAM, 256 GB inbuilt",5000 mAh Battery with 33W Fast Charging,"6.7 inches, 1080 x 2400 px, 120 Hz Display with Punch Hole",50 MP + 5 MP + 2 MP Triple Rear & 50 MP Front Camera,,Android v15,,12.0,256.0,5000.0,6.7,50.0,57.0,,Dimensity 7400,Dimensity 7400,0.8723,https://cdn1.smartprix.com/rx-iMoxYFfcQ-w280-h280/acer-super-zx-pro.webp,iQOO Z9s (12GB RAM + 256GB),76,0
41,Moondrop MIAD01,75,4.6,49990,UPCOMING,"Dual Sim, 3G, 4G, 5G, Wi-Fi","Dimensity 7050, Octa Core, 2.6 GHz Processor","12 GB RAM, 256 GB inbuilt",5000 mAh Battery with 33W Fast Charging,"6.7 inches, 2460 x 1080 px, 120 Hz Display",64 MP + 8 MP Dual Rear & 32 MP Front Camera,"Memory Card (Hybrid), upto 2 TB",Android v13,,12.0,256.0,5000.0,6.7,32.0,72.0,2.6,Dimensity 7050,Dimensity 7050,0.9149,https://cdn1.smartprix.com/rx-isNtAp2Rh-w280-h280/moondrop-miad01.webp,Samsung Galaxy M55 (12GB RAM + 256GB),75,0
42,Motorola Moto S50,75,4.35,26990,UPCOMING,"Dual Sim, 3G, 4G, 5G, VoLTE, Wi-Fi","Dimensity 7300, Octa Core Processor","12 GB RAM, 256 GB inbuilt",4310 mAh Battery with 68W Fast Charging,"6.36 inches, 1272 x 2670 px, 120 Hz Display with Punch Hole",50 MP + 13 MP + 10 MP Triple Rear & 32 MP Front Camera,,Android v14,No FM Radio,12.0,256.0,4310.0,6.36,32.0,73.0,,Dimensity 7300,Dimensity 7300,0.883,https://cdn1.smartprix.com/rx-inA0dboUv-w280-h280/motorola-moto-s50.webp,Samsung Galaxy M55 (12GB RAM + 256GB),75,0
43,OPPO Reno 12F 5G,75,4.0,29990,UPCOMING,"Dual Sim, 3G, 4G, 5G, VoLTE, Wi-Fi, NFC, IR Blaster","Dimensity 6300, Octa Core, 2.4 GHz Processor","12 GB RAM, 256 GB inbuilt",5000 mAh Battery with 45W Fast Charging,"6.67 inches, 1080 x 2400 px, 120 Hz Display with Punch Hole",50 MP + 8 MP + 2 MP Triple Rear & 32 MP Front Camera,Memory Card (Hybrid),Android v14,,12.0,256.0,5000.0,6.67,32.0,60.0,2.4,Dimensity 6300,Dimensity 6300,0.9468,https://cdn1.smartprix.com/rx-iwzZmQl5P-w280-h280/oppo-reno-12f-5g.webp,Samsung Galaxy M55 (12GB RAM + 256GB),75,0
44,Motorola Moto G86 Power 5G,75,4.5,31999,UPCOMING,"Dual Sim, 3G, 4G, 5G, VoLTE, Wi-Fi, NFC","Dimensity 7300, Octa Core, 2.5 GHz Processor","8 GB RAM, 512 GB inbuilt",6720 mAh Battery with 30W Fast Charging,"6.67 inches, 1220 x 2712 px, 120 Hz Display with Punch Hole",50 MP + 8 MP Dual Rear & 32 MP Front Camera,"Memory Card (Hybrid), upto 1 TB",Android v15,,8.0,512.0,6720.0,6.67,32.0,58.0,2.5,Dimensity 7300,Dimensity 7300,0.883,https://cdn1.smartprix.com/rx-i8cGg6f7L-w280-h280/motorola-moto-g86-po.webp,Samsung Galaxy M55 (12GB RAM + 256GB),75,0
45,Honor GT Pro,75,4.5,41999,UPCOMING,"Dual Sim, 3G, 4G, 5G, VoLTE, Wi-Fi, NFC, IR Blaster","Snapdragon 8 Elite, Octa Core, 4.32 GHz Processor","12 GB RAM, 256 GB inbuilt",7200 mAh Battery with 90W Fast Charging,"6.78 inches, 1224 x 2800 px, 144 Hz Display with Punch Hole",50 MP + 50 MP + 50 MP Triple Rear & 50 MP Front Camera,,Android v15,No FM Radio,12.0,256.0,7200.0,6.78,50.0,150.0,4.32,Snapdragon 8 Elite,Snapdragon 8 Elite,0.266,https://cdn1.smartprix.com/rx-iEOmbmCjy-w280-h280/honor-gt-pro.webp,Samsung Galaxy M55 (12GB RAM + 256GB),75,0
46,Vivo X Fold 4,74,4.15,139990,UPCOMING,"Dual Sim, 3G, 4G, 5G, VoLTE, Wi-Fi, NFC","Snapdragon 8 Elite, Octa Core, 4.32 GHz Processor","12 GB RAM, 256 GB inbuilt",6000 mAh Battery with 80W Fast Charging,"8.2 inches, 1916 x 2160 px, 144 Hz Display with Punch Hole",50 MP + 50 MP + 50 MP Triple Rear & 32 MP + 32 MP Dual Front Camera,,Android v14,,12.0,256.0,6000.0,8.2,32.0,150.0,4.32,Snapdragon 8 Elite,Snapdragon 8 Elite,0.266,https://cdn1.smartprix.com/rx-igSHYr4Qo-w280-h280/vivo-x-fold-4.webp,Motorola Edge 60 Fusion,74,0
47,Xiaomi Redmi Turbo 4,74,4.75,23990,UPCOMING,"Dual Sim, 3G, 4G, 5G, VoLTE, Wi-Fi, NFC, IR Blaster","Dimensity 8400 Ultra, Octa Core, 3.25 GHz Processor","12 GB RAM, 256 GB inbuilt",6550 mAh Battery with 90W Fast Charging,"6.67 inches, 1220 x 2712 px, 120 Hz Display with Punch Hole",50 MP + 8 MP Dual Rear & 20 MP Front Camera,,Android v15,No FM Radio,12.0,256.0,6550.0,6.67,20.0,58.0,3.25,Dimensity 8400 Ultra,Dimensity 8400 Ultra,0.7872,https://cdn1.smartprix.com/rx-id0Nos7sw-w280-h280/xiaomi-redmi-turbo-4.webp,Motorola Edge 60 Fusion,74,0
48,Nothing Phone 3a Plus,74,4.75,28990,UPCOMING,"Dual Sim, 3G, 4G, 5G, VoLTE, Wi-Fi, NFC","Dimensity 8350, Octa Core Processor","8 GB RAM, 256 GB inbuilt",5300 mAh Battery with 67W Fast Charging,"6.78 inches, 1084 x 2412 px, 120 Hz Display with Punch Hole",50 MP + 50 MP Dual Rear & 50 MP Front Camera,,Android v14,No FM Radio,8.0,256.0,5300.0,6.78,50.0,100.0,,Dimensity 8350,Dimensity 8350,0.8191,https://cdn1.smartprix.com/rx-ijjseg9ZT-w280-h280/nothing-phone-3a-plu.webp,Motorola Edge 60 Fusion,74,0
49,Xiaomi 16,74,4.35,69990,UPCOMING,"Dual Sim, 3G, 4G, 5G, VoLTE, Vo5G, Wi-Fi, NFC, IR Blaster","Snapdragon 8 Elite 2, Octa Core Processor","12 GB RAM, 256 GB inbuilt",7000 mAh Battery with 100W Fast Charging,"6.3 inches, 1200 x 2670 px, 144 Hz Display with Punch Hole",50 MP + 50 MP + 50 MP Triple Rear & 50 MP Front Camera,,Android v15,No FM Radio,12.0,256.0,7000.0,6.3,50.0,150.0,,Snapdragon 8 Elite 2,Snapdragon 8 Elite 2,0.2553,https://cdn1.smartprix.com/rx-iRouW0RNu-w280-h280/xiaomi-16.webp,Motorola Edge 60 Fusion,74,0
50,Vivo S30,74,4.15,31990,UPCOMING,"Dual Sim, 3G, 4G, 5G, VoLTE, Wi-Fi, NFC, IR Blaster","Snapdragon 7 Gen4, Octa Core, 2.8 GHz Processor","12 GB RAM, 256 GB inbuilt",6500 mAh Battery with 90W Fast Charging,"6.67 inches, 1260 x 2800 px, 120 Hz Display with Punch Hole",50 MP + 50 MP + 8 MP Triple Rear & 50 MP Front Camera,,Android v15,No FM Radio,12.0,256.0,6500.0,6.67,50.0,108.0,2.8,Snapdragon 7 Gen4,Snapdragon 7 Gen4,0.3404,https://cdn1.smartprix.com/rx-iTcnNE7Bm-w280-h280/vivo-s30.webp,Motorola Edge 60 Fusion,74,0
51,iQOO Z10 Turbo,74,4.45,21990,UPCOMING,"Dual Sim, 3G, 4G, 5G, VoLTE, Wi-Fi, NFC, IR Blaster","Dimensity 8400, Octa Core, 3.25 GHz Processor","12 GB RAM, 256 GB inbuilt",7620 mAh Battery with 90W Fast Charging,"6.78 inches, 1260 x 2800 px, 144 Hz Display with Punch Hole",50 MP + 2 MP Dual Rear & 16 MP Front Camera,,Android v15,No FM Radio,12.0,256.0,7620.0,6.78,16.0,52.0,3.25,Dimensity 8400,Dimensity 8400,0.8085,https://cdn1.smartprix.com/rx-iRJ6yodzS-w280-h280/iqoo-z10-turbo.webp,Motorola Edge 60 Fusion,74,0
52,Samsung Galaxy Z Fold Ultra,74,4.05,179990,UPCOMING,"Dual Sim, 3G, 4G, 5G, VoLTE, Vo5G, Wi-Fi, NFC","Snapdragon 8 Elite 2, Octa Core Processor","12 GB RAM, 256 GB inbuilt",5000 mAh Battery with 25W Fast Charging,"8.2 inches, 2224 x 2488 px, 120 Hz Display with Punch Hole",200 MP + 50 MP + 12 MP Triple Rear & 12 MP + 4 MP Dual Front Camera,,Android v15,,12.0,256.0,5000.0,8.2,12.0,262.0,,Snapdragon 8 Elite 2,Snapdragon 8 Elite 2,0.2553,https://cdn1.smartprix.com/rx-i8fmxK1nS-w280-h280/samsung-galaxy-z-fol.webp,Motorola Edge 60 Fusion,74,0
53,Vivo S19 Pro,74,4.35,37990,UPCOMING,"Dual Sim, 3G, 4G, 5G, VoLTE, Wi-Fi, NFC, IR Blaster","Dimensity 9200 Plus, Octa Core, 3.35 GHz Processor","8 GB RAM, 256 GB inbuilt",5500 mAh Battery with 80W Fast Charging,"6.78 inches, 1260 x 2800 px, 120 Hz Display with Punch Hole",50 MP + 50 MP + 8 MP Triple Rear & 50 MP Front Camera,,Android v14,No FM Radio,8.0,256.0,5500.0,6.78,50.0,108.0,3.35,Dimensity 9200 Plus,Dimensity 9200 Plus,0.766,https://cdn1.smartprix.com/rx-iERX2YA9Y-w280-h280/vivo-s19-pro.webp,Motorola Edge 60 Fusion,74,0
54,iQOO Neo 10 Pro 5G,74,4.0,37990,UPCOMING,"Dual Sim, 3G, 4G, 5G, VoLTE, Wi-Fi, NFC, IR Blaster","Dimensity 9400, Octa Core, 3.63 GHz Processor","12 GB RAM, 256 GB inbuilt",6100 mAh Battery with 120W Fast Charging,"6.78 inches, 1260 x 2800 px, 144 Hz Display with Punch Hole",50 MP + 50 MP Dual Rear & 16 MP Front Camera,,Android v15,No FM Radio,12.0,256.0,6100.0,6.78,16.0,100.0,3.63,Dimensity 9400,Dimensity 9400,0.734,https://cdn1.smartprix.com/rx-igSanJVKY-w280-h280/iqoo-neo-10-pro-5g.webp,Motorola Edge 60 Fusion,74,0
55,OPPO Reno 14 5G,74,4.75,32990,UPCOMING,"Dual Sim, 3G, 4G, 5G, VoLTE, Wi-Fi, NFC, IR Blaster","Dimensity 8350, Octa Core, 3.35 GHz Processor","8 GB RAM, 256 GB inbuilt",6000 mAh Battery with 80W Fast Charging,"6.59 inches, 1256 x 2760 px, 120 Hz Display with Punch Hole",50 MP + 50 MP + 8 MP Triple Rear & 50 MP Front Camera,,Android v15,No FM Radio,8.0,256.0,6000.0,6.59,50.0,108.0,3.35,Dimensity 8350,Dimensity 8350,0.8191,https://cdn1.smartprix.com/rx-iRGgfcGDH-w280-h280/oppo-reno-14-5g.webp,Motorola Edge 60 Fusion,74,0
